{"max_accel_idm": 1.302038233200192, "comfort_decel": 3.556573878706586, "delta": 9.92844881909084, "min_gap": 2.0, "time_headway": 2.9995140410732635, "desired_speed": 30.916701126823824, "use_acceleration_constraints": true, "min_acceleration": -5.0, "max_acceleration": 5.0, "calib_gof_value": 0.8195849603280145}