{"max_accel_idm": 1.8704289058933852, "comfort_decel": 4.963426250542198, "delta": 3.1142200868823764, "min_gap": 2.0, "time_headway": 2.8637667487305847, "desired_speed": 33.93914710373889, "use_acceleration_constraints": true, "min_acceleration": -5.0, "max_acceleration": 5.0, "calib_gof_value": 0.8951720071149913}