{"k0": 0.0423189815280639, "k1": 0.1471845662147425, "k2": 0.39379038413949474, "still_distance": 3.0, "vehicle_length": 5.0, "time_gap": 0.9961808825840656, "desired_speed": 35.0, "use_acceleration_constraints": true, "integration_dt": 0.1, "min_acceleration": -7, "max_acceleration": 5}