{"k0": 0.05462034992836223, "k1": 0.051028999204139495, "k2": 0.5624917496637674, "still_distance": 3.0, "vehicle_length": 5.0, "time_gap": 0.598532745735554, "desired_speed": 30.0, "use_acceleration_constraints": true, "integration_dt": 0.1, "min_acceleration": -7, "max_acceleration": 5}